id,fake-company-name,company-email
"1","Jonsson och Öberg HB","oberg.annastina@hedlund.com"
"2","Holmqvist & Holm","sundstrom.theodor@danielsson.com"
"3","Bergman & Månsson AB","uhenriksson@forsberg.com"
"4","Lund AB","karl23@hellstrom.com"
"5","Nordin HB","helge.strom@arvidsson.org"
"6","Forsberg HB","kaxelsson@abrahamsson.com"
"7","Alva Lindberg HB","dlarsson@wikstrom.com"
"8","Sundberg & Lundström HB","ivarsson.kjell@lundgren.com"
"9","Svensson AB","rebecka62@nyberg.com"
"10","Ek & Lind HB","ymattsson@gunnarsson.net"
"11","Nilsson och Sandberg","claes.sandstrom@magnusson.com"
"12","Håkansson och Eklund","hakan63@blom.info"
"13","Engström AB","eugen.mattsson@karlsson.biz"
"14","Bernt Axelsson AB","eva.nordin@lindholm.biz"
"15","Viklund AB","viking.martensson@lofgren.com"
"16","Olofsson AB","marion24@norberg.com"
"17","Berg och Ivarsson HB","clas81@andreasson.com"
"18","Samuelsson och Öberg AB","fransson.susanna@lindstrom.biz"
"19","Abrahamsson HB","pauline39@pettersson.com"
"20","Strömberg HB","annalena25@lund.info"
"21","Eliasson och Blomqvist","janove.pettersson@nyberg.biz"
"22","Jansson AB","katrin86@olofsson.info"
"23","Persson och Åström","ejonasson@hermansson.biz"
"24","Lindholm och Öberg AB","samuelsson.percy@hellstrom.net"
"25","Forsberg & Hansen HB","tord.hansson@berglund.info"
"26","Valentin Sundberg AB","plindberg@jonsson.com"
"27","Sandberg HB","jonsson.marita@martensson.com"
"28","Bergqvist & Karlsson","berggren.desiree@soderberg.com"
"29","Eliasson HB","hmattsson@jansson.com"
"30","Lindberg & Bergman HB","henriksson.johanna@viklund.com"
"31","Holmberg AB","julius.karlsson@dahlberg.com"
"32","Jönsson och Holmgren","xlindqvist@jansson.com"
"33","Abrahamsson AB","lundin.jens@jonasson.com"
"34","Lindholm HB","palsson.elsemarie@sundberg.org"
"35","Hans-Erik Månsson HB","uastrom@ivarsson.com"
"36","Berg HB","lizzie97@berglund.com"
"37","Inga-Lena Holmgren AB","ellinor.holm@danielsson.net"
"38","Nordström och Lindqvist HB","carljohan.holmgren@nordstrom.com"
"39","Johansson AB","elma.holmqvist@mattsson.com"
"40","Svensson och Falk","elisabeth.hermansson@sundqvist.biz"
"41","Holm AB","frans.bengtsson@holmgren.com"
"42","Mårtensson och Eriksson HB","gunnar30@lundberg.com"
"43","Lund och Åkesson","karlgustav.oberg@pettersson.com"
"44","Algot Söderberg AB","ernst.blom@henriksson.info"
"45","Lind & Samuelsson","uekstrom@gustafsson.info"
"46","Öberg & Norberg","ghellstrom@lundin.com"
"47","Berglund och Jönsson AB","amalia60@jakobsson.info"
"48","Hedlund och Jonsson AB","levi94@larsson.com"
"49","Lundberg HB","fredriksson.bengtgoran@jansson.biz"
"50","Pålsson AB","hekstrom@ekstrom.com"
"51","Nordin AB","agaton91@holmberg.net"
"52","Berglund och Pålsson","christer32@jansson.org"
"53","Falk HB","majbritt.lundberg@lind.com"
"54","Åström och Hansen","solve.lindqvist@lundgren.org"
"55","Blom och Mattsson AB","terese.berg@jansson.com"
"56","Henriksson och Ström AB","herta66@lindberg.com"
"57","Gunnarsson HB","viola88@samuelsson.com"
"58","Jansson HB","ek.mats@eriksson.com"
"59","Norberg AB","linnea74@hansen.com"
"60","Karlsson och Månsson AB","kennet52@martinsson.com"
"61","Ekström AB","ingegerd52@eklund.com"
"62","Larsson & Blomqvist","omartinsson@akesson.com"
"63","Andreasson & Mattsson AB","set87@karlsson.info"
"64","Kjell Mattsson AB","linda26@martinsson.biz"
"65","Månsson & Sandberg AB","august36@johansson.com"
"66","Falk & Björk HB","eliasson.naima@andersson.com"
"67","Bergqvist & Andreasson","dennis.eliasson@martensson.com"
"68","Lundqvist och Mårtensson AB","bror.strom@holm.com"
"69","Gustafsson och Pålsson","sandstrom.elmer@nyberg.info"
"70","Lundberg och Berg HB","xfransson@astrom.org"
"71","Wikström och Jonasson HB","vivianne.johansson@bergqvist.com"
"72","Sundqvist & Jansson","nilsson.gertrud@isaksson.org"
"73","Axelsson & Jonsson HB","olofsson.harald@lindqvist.info"
"74","Martinsson och Persson AB","ingela67@samuelsson.com"
"75","Öberg & Axelsson","tyra.arvidsson@martinsson.org"
"76","Lindholm & Axelsson AB","pclaesson@mattsson.biz"
"77","Ström & Magnusson","ewa.arvidsson@hedlund.com"
"78","Lindgren & Mårtensson","jon47@strom.com"
"79","Eriksson AB","fransson.torkel@hedlund.net"
"80","Sivert Nyberg AB","holmgren.marika@pettersson.com"
"81","Claesson & Lundberg","jens.axelsson@falk.org"
"82","Jakobsson och Arvidsson","ally14@sundberg.info"
"83","Eliasson & Hedlund HB","hakansson.teodor@sundstrom.com"
"84","Svensson AB","carita.lundberg@bengtsson.com"
"85","Isaksson & Månsson","andersson.thore@hellstrom.com"
"86","Björklund AB","rsundqvist@gustafsson.org"
"87","Engström HB","folke.jansson@astrom.info"
"88","Pettersson & Strömberg HB","madeleine.berglund@sundqvist.com"
"89","Berg & Bengtsson AB","emerentia.lundgren@svensson.info"
"90","Åström HB","tonny.jonsson@andreasson.info"
"91","Samuelsson AB","nancy50@hansson.net"
"92","Sjöberg HB","henriksson.william@hellstrom.com"
"93","Persson & Nordin AB","vwikstrom@lundgren.com"
"94","Engelbrekt Lund AB","ojonsson@norberg.com"
"95","Paul Pettersson HB","kristina96@ekstrom.com"
"96","Gustaf Ström AB","ystrom@eklund.com"
"97","Björklund HB","kkarlsson@eklund.com"
"98","Mattsson och Mårtensson HB","disa09@axelsson.com"
"99","Ingeborg Mårtensson HB","holmqvist.hillevi@ek.com"
"100","Eriksson AB","sjoberg.naima@magnusson.com"
"101","Anne-Marie Söderberg HB","lindholm.gustav@bjork.com"
"102","Ekström och Holmberg","bberg@lundin.biz"
"103","Strömberg HB","martensson.kennet@arvidsson.com"
"104","Fransson HB","heribert14@fredriksson.biz"
"105","Öberg och Ström","per.astrom@palsson.com"
"106","Norberg & Mattsson AB","jeklund@sjoberg.com"
"107","Abrahamsson & Magnusson HB","henrietta88@jonasson.com"
"108","Engström och Jönsson","anja.andersson@blom.com"
"109","Lundin & Löfgren AB","margit.sjoberg@wallin.com"
"110","Gunnarsson och Bergman","holmqvist.sebastian@lundberg.net"
"111","Björklund och Nordin","hansson.therese@norberg.info"
"112","Sjöberg och Lind","annchristine67@danielsson.com"
"113","Lundgren HB","orjan84@lundberg.com"
"114","Ström AB","holm.magdalena@blom.com"
"115","Olsson & Öberg AB","lund.marielouise@hellstrom.com"
"116","Öberg AB","annlouise.palsson@olofsson.org"
"117","Claesson och Jakobsson","fanny57@jonasson.com"
"118","Lind & Lundberg","zlindqvist@lindqvist.com"
"119","Nyström AB","louis.arvidsson@holm.com"
"120","Åkesson HB","estromberg@ekstrom.net"
"121","Söderberg HB","ingegard09@hedlund.com"
"122","Mattsson & Johansson","dahlberg.levi@fredriksson.com"
"123","Holmberg & Lind HB","hartvig.persson@lundberg.org"
"124","Hermansson AB","tlundin@holmberg.com"
"125","Matts Wallin HB","ingalill.larsson@lundberg.org"
"126","Nordström AB","fmartinsson@hansen.info"
"127","Åberg AB","jorgen.berg@hakansson.com"
"128","Öberg & Lindström","elindholm@blomqvist.com"
"129","Sjöberg HB","jonsson.carolina@nordin.com"
"130","Strömberg HB","susann.andersson@viklund.info"
"131","Björklund AB","einar.olofsson@olsson.biz"
"132","Gunnarsson AB","victor06@lind.com"
"133","Olsson och Wallin HB","nikolaus.hellstrom@hedlund.com"
"134","Persson & Johansson AB","njohansson@lundgren.com"
"135","Olofsson AB","gullvi.wallin@stromberg.info"
"136","Åström & Strömberg","gunder18@dahlberg.biz"
"137","Mårtensson AB","eugen.fredriksson@svensson.com"
"138","Lundberg HB","iolofsson@jakobsson.com"
"139","Åberg HB","lennart15@berggren.com"
"140","Kersti Strömberg HB","yholm@eklund.info"
"141","Hansson & Lindqvist","lundstrom.orjan@sjogren.com"
"142","Larsson & Abrahamsson","henning77@soderberg.com"
"143","Samuelsson och Isaksson AB","lundgren.elvir@karlsson.com"
"144","Öberg och Nilsson HB","jakobsson.stina@bjorklund.net"
"145","Berglund och Sundqvist AB","hanna.andreasson@magnusson.info"
"146","Björk och Sundqvist","antero.jonasson@soderberg.com"
"147","Mattsson HB","gfalk@ek.org"
"148","Åkesson HB","lindberg.charles@lindholm.com"
"149","Lind & Holm HB","sabina.bjorklund@ekstrom.org"
"150","Nyberg AB","sandstrom.gustaf@jonsson.net"
"151","Pålsson & Wallin","camilla93@lindberg.com"
"152","Åström & Sjögren","runa90@nordin.com"
"153","Berg & Lindqvist","arvidsson.josef@holm.info"
"154","Björn Strömberg AB","rlindstrom@karlsson.com"
"155","Holm AB","liselotte48@holmberg.com"
"156","Abrahamsson och Sjögren","billy99@persson.com"
"157","Lundin AB","hhermansson@sandberg.com"
"158","Sundqvist HB","viktor27@gunnarsson.biz"
"159","Strömberg och Nyberg","zekstrom@norberg.com"
"160","Holmberg & Lund","uhellstrom@sjoberg.biz"
"161","Katarina Lindberg HB","llofgren@sjogren.com"
"162","Hedlund och Eliasson HB","sigmund11@holm.com"
"163","Danielsson AB","edla14@eriksson.com"
"164","Agneta Falk HB","nikolaus27@sundberg.com"
"165","Lindholm HB","bernt.holmqvist@magnusson.info"
"166","Isaksson och Ström HB","amandus.lundqvist@hermansson.com"
"167","Hellström och Lindqvist AB","hbjorklund@martensson.com"
"168","Stellan Hedlund HB","werner36@persson.com"
"169","Hermansson HB","adolf61@soderberg.com"
"170","Abrahamsson och Åberg HB","rjonsson@lindqvist.com"
"171","Nyberg HB","tommy10@andersson.com"
"172","Jönsson & Mattsson","fransson.gurli@lindstrom.org"
"173","Sundström AB","fredriksson.liselotte@hellstrom.com"
"174","Lindberg & Nordström","mbjork@engstrom.org"
"175","Nyberg HB","jan88@mansson.org"
"176","Mårtensson och Norberg","blundqvist@lindgren.com"
"177","Billy Björklund AB","edith43@abrahamsson.com"
"178","Lundström och Nilsson","terese99@wikstrom.org"
"179","Eira Axelsson HB","christin.ivarsson@akesson.com"
"180","Lindgren och Lindqvist","lars69@johansson.com"
"181","Ekström HB","mattsson.ada@hakansson.biz"
"182","Åsa Söderberg AB","carljohan68@hakansson.com"
"183","Claesson & Lind HB","hansen.henrik@engstrom.com"
"184","Hedlund & Lundström AB","ejnar.magnusson@olofsson.org"
"185","Eriksson & Pålsson AB","lill.holm@berggren.com"
"186","Karlsson & Ek HB","mirjam.berg@eliasson.info"
"187","Sjögren HB","judit.bergman@lind.com"
"188","Claesson AB","isaksson.aron@jakobsson.net"
"189","Lundin och Ekström","sture09@sundqvist.com"
"190","Nyström HB","annsofi97@mattsson.org"
"191","Wikström och Lindholm AB","bandreasson@mattsson.com"
"192","Henriksson HB","lundgren.renee@nordstrom.com"
"193","Fransson AB","arvidsson.marit@ek.com"
"194","Pålsson och Abrahamsson HB","marianne39@sjogren.net"
"195","Berggren & Svensson HB","jmagnusson@lindgren.org"
"196","Arvidsson och Ek HB","magnusson.kristine@soderberg.biz"
"197","Dahlberg och Danielsson AB","ejnar37@bergstrom.com"
"198","Åström AB","rmagnusson@lindholm.info"
"199","Holmqvist & Löfgren AB","larsson.runa@holm.com"
"200","Berg & Lindström","sandstrom.amanda@hellstrom.com"
"201","Andreasson HB","rut62@forsberg.com"
"202","Nyberg & Holmqvist","cmattsson@hellstrom.org"
"203","Öberg HB","rjonsson@lofgren.com"
"204","Jonasson och Bengtsson AB","lholmberg@eliasson.com"
"205","Ing-Mari Mårtensson HB","carlaxel.olofsson@bergqvist.net"
"206","Hedlund AB","otto63@holm.biz"
"207","Jönsson & Gunnarsson","danielsson.ingmari@henriksson.biz"
"208","Bengtsson och Sundberg","niklas.lundstrom@nystrom.com"
"209","Ström & Gunnarsson","lundberg.brittmari@oberg.com"
"210","Bergman HB","martin82@oberg.com"
"211","Martinsson AB","znordin@lundstrom.biz"
"212","Söderberg & Gustafsson","vhansen@wikstrom.info"
"213","Forsberg och Björklund","stromberg.josefina@soderberg.com"
"214","Gustafsson AB","oberg.sara@persson.com"
"215","Löfgren & Mårtensson HB","gunborg31@karlsson.net"
"216","Holmqvist och Forsberg HB","marja42@olofsson.biz"
"217","Arvidsson & Jönsson","leontina.abrahamsson@danielsson.com"
"218","Lundström AB","objork@persson.net"
"219","Hansen och Henriksson HB","vilgot38@norberg.net"
"220","Åberg HB","nivarsson@holmberg.biz"
"221","Gösta Sundberg AB","ellinor03@martinsson.com"
"222","Wikström och Hansson","therese77@eliasson.com"
"223","Lundin och Sundberg HB","janet.holmqvist@lundin.info"
"224","Jansson och Sjögren","arvid.fransson@berglund.com"
"225","Blom och Berggren AB","dfransson@bergman.com"
"226","Arvidsson HB","zviklund@lund.com"
"227","Dahlberg HB","linda.astrom@fredriksson.com"
"228","Olofsson HB","pmansson@bergman.com"
"229","Danielsson & Åberg","lofgren.bror@nyberg.net"
"230","Wallin & Bergström","lundin.paula@bergqvist.com"
"231","Lind HB","eabrahamsson@fredriksson.info"
"232","Berg HB","ingalena.lindstrom@eriksson.org"
"233","Konstantia Blom HB","gpettersson@viklund.org"
"234","Nyberg AB","gertrud.lofgren@karlsson.biz"
"235","Pålsson och Gustafsson","hilmer.magnusson@lindgren.com"
"236","Larsson AB","karlaxel79@lindholm.biz"
"237","Johansson och Mattsson HB","mjakobsson@andersson.com"
"238","Märta Gustafsson HB","tsjoberg@martinsson.com"
"239","Nordström HB","christian46@martinsson.com"
"240","Strömberg & Pettersson HB","qmansson@sundqvist.com"
"241","Nyström HB","civarsson@sundstrom.com"
"242","Lundström & Lindholm","ida40@sandstrom.net"
"243","Olofsson och Arvidsson HB","evert22@strom.net"
"244","Margareta Björklund HB","clas80@hellstrom.com"
"245","Åström & Gustafsson","forsberg.britt@andreasson.info"
"246","Viklund AB","jbjorklund@gunnarsson.com"
"247","Andreasson AB","hanserik18@nordin.com"
"248","Forsberg och Lundgren AB","nilsson.anselm@johansson.com"
"249","Abrahamsson & Andreasson","sabina.bergstrom@hakansson.com"
"250","Olsson och Söderberg HB","charles57@wikstrom.com"
"251","Lund och Lundqvist HB","gbergman@danielsson.net"
"252","Martinsson AB","feriksson@bengtsson.com"
"253","Norberg HB","jmagnusson@gunnarsson.com"
"254","Lundin och Bergström","strom.ingamaj@wallin.com"
"255","Jansson AB","elvi07@nilsson.com"
"256","Blom HB","esundqvist@engstrom.com"
"257","Viklund HB","jon.wallin@karlsson.com"
"258","Ingeborg Nyberg HB","bolsson@bengtsson.net"
"259","Marie Holmqvist AB","adrian.nordin@gunnarsson.com"
"260","Lindholm & Berglund HB","sandberg.ragnvald@mattsson.com"
"261","Holmgren HB","janolof.lindgren@astrom.com"
"262","Engström och Sjöberg HB","lpettersson@holmgren.info"
"263","Fransson och Strömberg","gertrud88@nyberg.com"
"264","Bergman och Jansson","hansson.ola@martinsson.com"
"265","Eriksson och Karlsson","jbjork@holmgren.com"
"266","Fransson AB","anders86@jakobsson.org"
"267","Åsa Holmqvist AB","thorsten57@ek.com"
"268","Olsson AB","rhenriksson@jakobsson.info"
"269","Berg och Bergström","hansen.niclas@sundstrom.com"
"270","Nyberg AB","mattsson.sonny@holm.org"
"271","Eriksson AB","cbergman@ivarsson.biz"
"272","Bengtsson och Mårtensson AB","mjonsson@lundqvist.info"
"273","Nordström AB","magnusson.stellan@lindholm.biz"
"274","Danielsson HB","vilhelmina.larsson@blom.info"
"275","Sjöberg och Claesson","ivarsson.jakob@hansson.com"
"276","Fransson AB","eleonora65@olsson.net"
"277","Holmberg HB","nilserik.holmqvist@hermansson.org"
"278","Vivi-Ann Lundström HB","inge.magnusson@holmqvist.info"
"279","Sjöberg AB","ella12@gustafsson.com"
"280","Janne Sundström HB","tora.astrom@oberg.com"
"281","Axelsson & Månsson","gull60@stromberg.info"
"282","Andersson & Forsberg","xhellstrom@blom.net"
"283","Viklund & Sjöberg","gertie.viklund@lundqvist.com"
"284","Ekström AB","iforsberg@eklund.com"
"285","Jansson AB","qpettersson@berglund.com"
"286","Lindgren HB","andreasson.annacarin@hansen.com"
"287","Öberg HB","xjonsson@ekstrom.com"
"288","Hansson AB","tage79@blom.com"
"289","Falk och Håkansson","kenneth.jonasson@axelsson.com"
"290","Bengtsson & Björklund HB","henrietta.forsberg@johansson.com"
"291","Wallin HB","bsjogren@lundqvist.org"
"292","Gustafsson HB","rolofsson@claesson.com"
"293","Lundin & Pettersson","gunhild77@wallin.net"
"294","Hermansson och Lundström","jakobsson.valborg@fransson.com"
"295","Danielsson och Lundin AB","epersson@lindholm.com"
"296","Bergqvist & Mårtensson","holmberg.marja@henriksson.com"
"297","Löfgren AB","rosita90@falk.com"
"298","Söderberg & Fredriksson AB","catrin.sjogren@nordstrom.org"
"299","Lindgren och Ivarsson","pnordin@nordstrom.com"
"300","Björk och Holm AB","joakim.ekstrom@lindholm.info"
"301","Owe Hedlund AB","wlindqvist@fransson.info"
"302","Lindström & Bengtsson","karlsson.solvig@forsberg.com"
"303","Andreasson och Bergström","frits36@nordstrom.com"
"304","Sandström AB","alice.sundstrom@lindberg.com"
"305","Holm AB","blofgren@bjorklund.net"
"306","Falk & Svensson","dick.olofsson@aberg.com"
"307","Åkesson och Lindberg HB","ibergstrom@engstrom.com"
"308","Sjögren och Eriksson HB","asundstrom@ek.net"
"309","Håkansson & Forsberg AB","fjansson@forsberg.com"
"310","Nordström och Magnusson AB","viktor89@gunnarsson.com"
"311","Holmberg & Berglund","emattsson@stromberg.com"
"312","Lindqvist och Arvidsson HB","constance.bjorklund@blom.org"
"313","Claesson & Holmberg AB","yvonne16@holmqvist.com"
"314","Ekström & Bengtsson","alexius.blomqvist@martinsson.com"
"315","Fransson och Lindholm","annchristine10@jakobsson.com"
"316","Else Danielsson HB","pandersson@falk.net"
"317","Månsson AB","qforsberg@ivarsson.net"
"318","Björklund AB","dbjorklund@svensson.com"
"319","Nordström & Holmqvist HB","annbritt.danielsson@wallin.info"
"320","Isaksson & Sjögren","tina.holmberg@lindberg.info"
"321","Siv Pettersson AB","roger.bergstrom@astrom.com"
"322","Sjögren och Persson AB","rnordin@bengtsson.com"
"323","Falk & Ekström AB","lbergqvist@bergman.biz"
"324","Håkansson & Holmberg HB","kmartinsson@holmberg.biz"
"325","Åström och Bergström AB","reinhold.bjork@lindberg.com"
"326","Bergqvist och Eliasson","flofgren@bergstrom.biz"
"327","Eklund och Lund AB","therese.blom@hansen.info"
"328","Martinsson & Nordin HB","wsjogren@sjoberg.com"
"329","Holmberg HB","lofgren.vega@lundqvist.com"
"330","Agaton Jakobsson AB","rebecka81@nyberg.net"
"331","Nyberg och Åström","snyberg@soderberg.com"
"332","Örjan Wallin HB","uberg@ek.com"
"333","Danielsson AB","olsson.kristina@sandberg.com"
"334","Holmgren och Lundqvist","dnystrom@karlsson.biz"
"335","Lindström och Larsson HB","evalena.johansson@nystrom.com"
"336","Lindberg AB","carin.astrom@lundqvist.biz"
"337","Gunnarsson & Hansen","matts.holm@wallin.com"
"338","Lindqvist & Söderberg AB","helga51@bergqvist.info"
"339","Danielsson AB","berggren.ralph@forsberg.org"
"340","Pettersson och Lind","sjogren.annecharlotte@sjoberg.com"
"341","Abrahamsson AB","jonsson.alma@berggren.info"
"342","Helmi Lindqvist AB","svante.samuelsson@bergstrom.net"
"343","Arvidsson HB","forsberg.torgny@blomqvist.com"
"344","Lund AB","jacob80@lindstrom.com"
"345","Elon Jönsson AB","strom.elfrida@persson.com"
"346","Sjögren HB","bert61@olsson.com"
"347","Abrahamsson och Björklund HB","ilundqvist@falk.net"
"348","Axelsson HB","fransson.hilding@andreasson.com"
"349","Forsberg HB","mari.gustafsson@stromberg.com"
"350","Forsberg AB","reinhold.sundqvist@olsson.net"
"351","Wikström HB","gard69@lofgren.com"
"352","Ström och Holm AB","jonasson.josefina@berggren.com"
"353","Dahlberg & Blomqvist AB","sundstrom.marta@bergstrom.info"
"354","Lindberg & Eriksson","tore.nyberg@lind.com"
"355","Jonasson HB","lundstrom.elsa@forsberg.org"
"356","Melker Holm AB","ingalisa72@ekstrom.com"
"357","Sundqvist HB","nyberg.karlgustav@arvidsson.com"
"358","Gertrud Björk AB","msundqvist@abrahamsson.com"
"359","Åström HB","syster.henriksson@ekstrom.biz"
"360","Björklund och Åkesson","nordstrom.harry@jonsson.com"
"361","Ekström och Falk","berth.holmberg@arvidsson.com"
"362","Andersson och Olofsson","fhedlund@persson.com"
"363","Mattsson och Martinsson HB","fsvensson@sandberg.com"
"364","Ekström HB","bergqvist.antonia@lindqvist.com"
"365","Berggren & Blomqvist AB","annlouise29@lund.biz"
"366","Löfgren HB","sjoberg.vilma@bergqvist.info"
"367","Larsson och Hellström HB","seriksson@fransson.com"
"368","Holmberg & Berg HB","elna20@akesson.org"
"369","Assar Eliasson AB","rickard.hellstrom@martinsson.com"
"370","Åkesson HB","ekstrom.curt@hellstrom.net"
"371","Lindström och Jansson AB","karlsson.anette@nilsson.com"
"372","Åkesson AB","fabian47@aberg.com"
"373","Strömberg HB","odd.holmgren@dahlberg.info"
"374","Öberg AB","nanna72@nordstrom.com"
"375","Åberg & Jonsson","jfredriksson@danielsson.com"
"376","Pålsson & Nilsson","usoderberg@blomqvist.net"
"377","Gustafsson & Hermansson HB","bjansson@aberg.com"
"378","Eklund & Sundqvist","holmqvist.hilbert@nilsson.org"
"379","Berg och Björk","lundberg.hilda@karlsson.com"
"380","Nordin AB","linus54@blomqvist.com"
"381","Nyberg & Blomqvist HB","harry.lundstrom@hermansson.com"
"382","Forsberg och Henriksson","severin37@martinsson.net"
"383","Blomqvist HB","nek@hellstrom.com"
"384","Persson HB","nicklas90@nordin.biz"
"385","Magnusson och Olsson HB","aberg.lilian@martensson.com"
"386","Hellström HB","olsson.nore@bergstrom.com"
"387","Agda Åström AB","margareta24@holmqvist.com"
"388","Åberg & Martinsson","constance40@viklund.com"
"389","Nyberg AB","mfalk@bergstrom.com"
"390","Claesson AB","jonsson.charlott@ek.org"
"391","Ström AB","annkatrin14@martinsson.biz"
"392","Blomqvist HB","ylundgren@hakansson.com"
"393","Lundgren & Sundqvist","zjakobsson@axelsson.com"
"394","Bergström & Söderberg AB","ivarsson.severin@lofgren.com"
"395","Jonasson HB","maurits11@olofsson.com"
"396","Lindqvist AB","reine46@lindqvist.com"
"397","Nordin HB","sarvidsson@mansson.com"
"398","Wallin HB","ted.gustafsson@samuelsson.net"
"399","Svensson HB","asundberg@bergqvist.com"
"400","Bergman och Lundin","hlund@lofgren.org"
"401","Ekström AB","raxelsson@arvidsson.com"
"402","Hansen & Lind HB","levin.eliasson@ekstrom.net"
"403","Jacob Eriksson AB","ysoderberg@astrom.info"
"404","Löfgren AB","vmartinsson@johansson.org"
"405","Gustafsson och Åkesson AB","falk.annkristin@henriksson.info"
"406","Ek & Holmberg AB","einar33@eklund.com"
"407","Lindgren & Jönsson AB","bjorklund.ulrica@akesson.org"
"408","Heinz Fredriksson AB","blindberg@viklund.com"
"409","Hansson AB","leliasson@danielsson.com"
"410","Samuelsson HB","uaxelsson@claesson.com"
"411","Söderberg & Månsson AB","tnordin@lindholm.com"
"412","Ekström och Åberg AB","keklund@jonsson.com"
"413","Öberg och Fredriksson","maurits81@lindqvist.com"
"414","Lundgren HB","bberg@jonsson.biz"
"415","Bergström och Falk HB","janet74@henriksson.com"
"416","Holmqvist AB","oblom@berggren.com"
"417","Gustafsson och Johansson AB","hlundin@ek.com"
"418","Öberg och Ström AB","herbert.johansson@norberg.org"
"419","Åkesson & Fransson HB","berggren.joel@lind.com"
"420","Öberg & Nyberg AB","jsoderberg@lundberg.org"
"421","Bergström AB","tblomqvist@bjork.com"
"422","Holmberg AB","clary14@nordstrom.org"
"423","Sundberg och Wikström HB","eivarsson@isaksson.com"
"424","Sjöberg AB","ojonasson@svensson.com"
"425","Gustafsson & Mårtensson AB","maja62@olsson.com"
"426","Åberg & Falk","berndt.nordin@sundberg.info"
"427","Söderberg AB","fredrik.ivarsson@bjorklund.com"
"428","Andreasson HB","gunhild.ek@hansson.biz"
"429","Holmberg och Ström","hansake53@hansson.com"
"430","Magnusson AB","wikstrom.mirjam@eliasson.org"
"431","Henriksson HB","gviklund@samuelsson.com"
"432","Jansson AB","fredriksson.runo@jakobsson.com"
"433","Blom och Strömberg","christel18@ekstrom.com"
"434","Blomqvist AB","liselott.lundgren@andersson.com"
"435","Fransson HB","selma37@nilsson.com"
"436","Lundqvist och Björklund","berg.blenda@jonasson.com"
"437","Berglund & Sundberg HB","emilia.lindberg@henriksson.com"
"438","Johansson AB","sivert.mattsson@jakobsson.com"
"439","Löfgren & Lindberg HB","sigfrid.lundqvist@hellstrom.info"
"440","Pettersson & Berggren","eliasson.elfrida@bjorklund.net"
"441","Ström & Holmgren AB","berggren.mariette@mattsson.info"
"442","Björklund och Sundström AB","jerry.sjoberg@arvidsson.com"
"443","Lind AB","nanna51@karlsson.info"
"444","Lundström och Samuelsson AB","roland.hermansson@mattsson.com"
"445","Rigmor Sundberg AB","olsson.elsa@bergqvist.com"
"446","Lindström och Bergman","blenda77@norberg.com"
"447","Björklund & Ekström HB","plundqvist@jonasson.com"
"448","Engström HB","linnea.lundqvist@akesson.info"
"449","Sjögren och Holmberg AB","tony95@johansson.com"
"450","Isaksson HB","simon.danielsson@magnusson.com"
"451","Gunnarsson och Ivarsson AB","annchristin.berg@svensson.biz"
"452","Isaksson AB","rigmor.gustafsson@blomqvist.org"
"453","Gunder Bengtsson HB","lundin.selma@mansson.org"
"454","Lundin & Larsson HB","sundberg.jorgen@stromberg.org"
"455","Persson och Olsson","zclaesson@andreasson.com"
"456","Martinsson HB","jonsson.mirjam@lundqvist.com"
"457","Bengtsson & Bergström HB","sjoberg.elma@svensson.com"
"458","Johansson & Nyberg HB","william11@falk.com"
"459","Isaksson och Martinsson HB","cholmberg@sundstrom.net"
"460","Hellström HB","annkristin67@sandstrom.org"
"461","Berggren & Holm","pettersson.tekla@blom.biz"
"462","Nilsson AB","carlaxel.astrom@isaksson.net"
"463","Wallin & Isaksson AB","hillevi18@lundin.net"
"464","Judith Mårtensson HB","sjoberg.bernhard@jansson.com"
"465","Lindgren och Arvidsson","mjonsson@dahlberg.info"
"466","Sandström AB","klara.aberg@lindqvist.org"
"467","Hellström och Lundqvist AB","pblom@oberg.com"
"468","Arvidsson och Sundberg","kai.oberg@bengtsson.com"
"469","Sundqvist & Berglund","martinsson.edit@holmgren.com"
"470","Magnusson och Jansson HB","xmartensson@hedlund.org"
"471","Percy Karlsson HB","folke.berglund@isaksson.com"
"472","Åström och Berglund","leander.holmqvist@norberg.net"
"473","Månsson och Axelsson","wholmqvist@gustafsson.com"
"474","Lindholm och Nordström HB","olga.martensson@lindholm.info"
"475","Klas Nyberg HB","ragnar10@hedlund.biz"
"476","Berglund och Ekström AB","martensson.victoria@holmberg.biz"
"477","Wallin & Holmqvist HB","xakesson@danielsson.net"
"478","Svensson HB","patric.hakansson@mansson.com"
"479","Ingvar Sundberg AB","yfredriksson@eliasson.com"
"480","Wikström HB","majbritt.martensson@oberg.com"
"481","Holm och Andersson","kjonasson@hansen.org"
"482","Arvidsson HB","ek.vendela@eklund.com"
"483","Hansen och Ström","ada.blom@bergstrom.com"
"484","Bergström & Bergman AB","candreasson@ek.com"
"485","Eriksson & Strömberg AB","emilia78@aberg.info"
"486","Bergman AB","bengtsson.ake@mansson.com"
"487","Nilsson AB","blom.kenny@lundstrom.org"
"488","Persson och Mårtensson HB","wolsson@viklund.com"
"489","Bergqvist och Hellström","viveca26@norberg.com"
"490","Lind AB","gerd22@lindstrom.com"
"491","Henriksson & Gunnarsson AB","viviann63@astrom.com"
"492","Hansson & Sjöberg HB","paula58@olsson.com"
"493","Jönsson och Bergström HB","aino95@lindberg.com"
"494","Dahlberg & Nordström AB","william42@nyberg.info"
"495","Åkesson och Lindström AB","josef.hellstrom@bergstrom.org"
"496","Lindqvist och Sundberg HB","kberglund@berg.biz"
"497","Fredriksson och Svensson HB","aino99@wikstrom.com"
"498","Pettersson HB","erland11@strom.com"
"499","Fransson och Abrahamsson","bergstrom.gosta@akesson.com"
"500","Ström AB","wikstrom.asta@jakobsson.net"
"501","Pålsson HB","adrian16@sundberg.com"
"502","Gustafsson HB","arnold45@hansson.com"
"503","Lindberg & Ek","karlgunnar29@lofgren.com"
"504","Lindgren HB","rbergman@bergman.com"
"505","Berg HB","edahlberg@axelsson.com"
"506","Mattsson & Mattsson AB","lindholm.rosa@soderberg.com"
"507","Hansen och Jakobsson","gillis.axelsson@olsson.com"
"508","Nyström HB","mirjam.ivarsson@nordstrom.com"
"509","Nyström AB","uholmgren@larsson.com"
"510","Olofsson & Wallin","martha30@isaksson.biz"
"511","Åström och Bergqvist HB","majbritt71@holmberg.com"
"512","Per Jönsson AB","pwikstrom@svensson.com"
"513","Månsson HB","martinsson.marlene@lindholm.com"
"514","Norberg och Engström","martinsson.eugen@berglund.info"
"515","Andreasson & Fransson AB","ulrika.sundqvist@nystrom.com"
"516","Hellström och Björk","orjan38@bergstrom.com"
"517","Holmberg AB","annbritt00@lindstrom.com"
"518","Ekström och Magnusson HB","martensson.helen@bengtsson.net"
"519","Henriksson och Löfgren HB","monica.svensson@blomqvist.com"
"520","Söderberg HB","forsberg.justus@bengtsson.org"
"521","Lindgren och Norberg AB","edla.samuelsson@sjogren.org"
"522","Åberg & Norberg","lena.mansson@claesson.com"
"523","Mattsson AB","olga.sandstrom@claesson.com"
"524","Arvidsson & Lundin AB","gsvensson@strom.com"
"525","Holmgren HB","eugenia08@nordstrom.com"
"526","Axelsson och Isaksson AB","magnusson.eva@arvidsson.com"
"527","Orvar Jansson HB","axelsson.ragnhild@arvidsson.com"
"528","Gunilla Eliasson AB","isaksson.marten@henriksson.com"
"529","Dahlberg & Holmqvist AB","vanja31@lindholm.com"
"530","Ekström och Berggren","isak28@sundstrom.com"
"531","Evelina Ström AB","herman.palsson@henriksson.info"
"532","Nilsson och Henriksson","pfredriksson@lofgren.org"
"533","Nyström & Sandström AB","max40@holm.com"
"534","Sjöberg AB","elof46@arvidsson.com"
"535","Berggren HB","bergqvist.marjatta@martinsson.com"
"536","Sjöberg & Hedlund","conny.eliasson@persson.com"
"537","Ekström & Ekström","blindstrom@falk.net"
"538","Jönsson HB","qviklund@persson.biz"
"539","Elmer Henriksson AB","kberggren@lund.com"
"540","Bergström AB","lundin.therese@lundstrom.com"
"541","Blomqvist & Håkansson AB","carolina47@akesson.com"
"542","Håkansson & Isaksson AB","glenn82@blom.com"
"543","Hansen & Nordin AB","saxelsson@bergman.com"
"544","Berglund HB","ingmarie15@sandberg.com"
"545","Andersson och Berg AB","ahakansson@axelsson.info"
"546","Hedlund & Sandberg HB","karla.lundstrom@akesson.org"
"547","Bergström AB","engstrom.runo@lundqvist.com"
"548","Ek & Danielsson","felix73@magnusson.com"
"549","Åström AB","jorgen10@pettersson.info"
"550","Sjöberg & Holmberg HB","isaksson.virginia@lundqvist.com"
"551","Samuelsson och Åström AB","anselm16@eliasson.com"
"552","Fredriksson HB","amanda57@johansson.com"
"553","Ek AB","mlundin@engstrom.info"
"554","Månsson och Forsberg","runa.aberg@jakobsson.com"
"555","Bergqvist AB","aino.sundstrom@jansson.biz"
"556","Åström och Berglund AB","stina75@jonasson.com"
"557","Sundström HB","sally.wallin@bengtsson.com"
"558","Jonasson och Åberg","hugo.bjork@arvidsson.net"
"559","Jonsson HB","evy19@holmqvist.com"
"560","Strömberg AB","lundberg.elinor@hansen.com"
"561","Abrahamsson HB","einar.eklund@jonasson.com"
"562","Sandström och Dahlberg HB","viggo10@hellstrom.com"
"563","Rudolf Persson HB","tbjorklund@nilsson.info"
"564","Björk HB","barbro.jonasson@lund.com"
"565","Nilsson AB","ivarsson.kaarina@norberg.com"
"566","Lundgren HB","morgan.nordstrom@sjogren.com"
"567","Holmberg & Martinsson HB","nordin.ingemar@wallin.com"
"568","Eklund och Falk","lofgren.svenolof@axelsson.biz"
"569","Åke Axelsson HB","leila.holmberg@hermansson.com"
"570","Lundström & Lundgren HB","fransson.gullbritt@wallin.com"
"571","Ture Samuelsson HB","dahlberg.marten@stromberg.com"
"572","Andreasson och Hellström HB","lundqvist.tomas@sjoberg.com"
"573","Månsson AB","haxelsson@arvidsson.info"
"574","Blomqvist AB","akesson.frits@hansson.com"
"575","Björklund och Lund","sandberg.ingvor@aberg.biz"
"576","Andersson och Henriksson HB","danielsson.irene@eliasson.com"
"577","Bergström HB","gunn95@blomqvist.com"
"578","Blomqvist och Bergqvist","jenny92@mansson.com"
"579","Åkesson & Danielsson AB","morgan.lindstrom@lindqvist.biz"
"580","Sandström HB","rstrom@forsberg.com"
"581","Bergström och Holmberg HB","assar.nordin@sandberg.net"
"582","Håkansson HB","bbergstrom@andreasson.org"
"583","Berggren & Larsson HB","ester.eliasson@larsson.biz"
"584","Sundberg & Lindgren","rigmor.dahlberg@jonasson.biz"
"585","Strömberg och Eriksson","abrahamsson.patrick@magnusson.com"
"586","Svensson & Holmgren","lisa92@holm.biz"
"587","Fransson & Andersson","johansson.rolf@strom.biz"
"588","Bengtsson & Arvidsson","mstromberg@andreasson.net"
"589","Hansen & Björk HB","veronica.lundgren@hansson.com"
"590","Lindqvist AB","dsvensson@nyberg.com"
"591","Söderberg HB","blom.ruth@pettersson.info"
"592","Isaksson & Hansen","holger.lund@johansson.com"
"593","Hedlund & Ek HB","margit85@hedlund.net"
"594","Fredriksson & Månsson","daisy41@nilsson.com"
"595","Andreasson och Hedlund","bjorklund.matti@berg.com"
"596","Fransson och Eliasson","berg.dan@martensson.com"
"597","Berglund och Arvidsson AB","maberg@abrahamsson.com"
"598","Lundgren & Samuelsson HB","terese97@bergman.com"
"599","Ström HB","palsson.helga@bengtsson.com"
"600","Danielsson AB","givarsson@bergman.org"
"601","Bengtsson AB","jpersson@palsson.com"
"602","Nordström & Lindberg AB","thorbjorn22@olsson.com"
"603","Hansen & Gustafsson HB","fmagnusson@fransson.org"
"604","Nilsson & Nilsson AB","nanny.blom@aberg.org"
"605","Eriksson & Isaksson AB","perarne.forsberg@blom.com"
"606","Lindgren och Söderberg AB","mlindgren@gunnarsson.com"
"607","Gustafsson HB","pettersson.karina@aberg.com"
"608","Holm & Lundström HB","nsjogren@persson.info"
"609","Lindholm & Sundberg","goran.abrahamsson@dahlberg.com"
"610","Danielsson & Wallin AB","clas.soderberg@larsson.com"
"611","Lundberg HB","barvidsson@bergqvist.com"
"612","Sundqvist AB","nystrom.karl@jonasson.com"
"613","Dahlberg och Bengtsson","niklas59@axelsson.net"
"614","Engström HB","emilia.lindqvist@jonsson.com"
"615","Mårtensson & Nyberg AB","gunnarsson.judith@viklund.biz"
"616","Lind och Blomqvist HB","ester75@larsson.com"
"617","Arvidsson AB","xblom@engstrom.info"
"618","Danielsson & Dahlberg HB","georg14@eklund.net"
"619","Lindholm och Månsson HB","ejohansson@ivarsson.biz"
"620","Ingvor Danielsson HB","gberg@sundstrom.org"
"621","Lindberg HB","sjogren.gunilla@sandberg.com"
"622","Lundin HB","gorel.gustafsson@danielsson.org"
"623","Gustafsson & Lundström","zpettersson@ivarsson.net"
"624","Björk & Axelsson","gunnarsson.ulrica@lund.info"
"625","Nyström AB","perarne30@lindstrom.com"
"626","Holmqvist AB","abengtsson@danielsson.com"
"627","Wallin och Björklund HB","jan86@soderberg.org"
"628","Nordin HB","lundqvist.linnea@bergman.com"
"629","Olofsson & Mårtensson AB","lund.torkel@fransson.net"
"630","Sandström och Nordström HB","anton10@samuelsson.org"
"631","Susanne Jonasson AB","catrin45@bengtsson.com"
"632","Arvidsson och Abrahamsson","lindholm.mats@lindqvist.com"
"633","Norberg & Lundin","karlerik.lindholm@abrahamsson.com"
"634","Hubert Danielsson HB","lofgren.rune@stromberg.net"
"635","Sundberg HB","lind.gustava@engstrom.com"
"636","Henriksson AB","berth.martinsson@andreasson.com"
"637","Samuelsson och Berg HB","bergman.alma@ivarsson.biz"
"638","Persson och Falk","nina.eklund@eriksson.info"
"639","Samuelsson & Claesson HB","jisaksson@lundstrom.org"
"640","Söderberg och Falk","ekstrom.lizzie@bergqvist.com"
"641","Forsberg & Berg","slundstrom@bergqvist.com"
"642","Bengtsson & Henriksson","holmqvist.mathilda@holm.com"
"643","Dahlberg och Lind HB","astrom.emerentia@mansson.com"
"644","Månsson och Åström AB","cviklund@hermansson.info"
"645","Hermansson & Henriksson","persson.margareta@aberg.com"
"646","Blomqvist & Ström","berglund.elaine@lind.com"
"647","Lindqvist AB","nolsson@berg.biz"
"648","Lundgren HB","friedrich40@samuelsson.biz"
"649","Lindqvist HB","qakesson@nordstrom.info"
"650","Lindqvist HB","tony.karlsson@lindgren.biz"
"651","Jönsson och Sandberg","nystrom.olle@aberg.com"
"652","Nordin & Håkansson","ted.ek@jansson.info"
"653","Åkesson och Abrahamsson HB","jon07@fransson.com"
"654","Holmgren AB","stromberg.janove@soderberg.com"
"655","Berg och Olofsson HB","camilla.stromberg@olofsson.com"
"656","Blomqvist HB","ylundgren@hedlund.com"
"657","Håkansson AB","edvin21@forsberg.com"
"658","Charles Ek AB","lundqvist.engelbert@berglund.biz"
"659","Ivarsson HB","mattsson.sally@lundstrom.com"
"660","Axelsson och Gustafsson AB","margot.ivarsson@henriksson.com"
"661","Sundqvist HB","jmartinsson@nilsson.org"
"662","Karlsson och Isaksson HB","vnordin@strom.net"
"663","Åkesson AB","wstromberg@falk.com"
"664","Olofsson HB","bert.holmgren@ekstrom.org"
"665","Jonsson AB","johansson.solvig@mattsson.net"
"666","Wikström AB","elis.karlsson@henriksson.info"
"667","Holm AB","wallin.christel@strom.net"
"668","Nordström HB","hansolof.hermansson@jonasson.com"
"669","Åkesson & Nordin","villiam.johansson@eklund.com"
"670","Maurits Hellström HB","laila.palsson@holmqvist.net"
"671","Svensson och Gustafsson","ivan.mattsson@fredriksson.org"
"672","Inge Persson AB","janeric.bjork@ekstrom.com"
"673","Bengtsson AB","olofsson.elma@bengtsson.info"
"674","Berglund & Viklund AB","khansen@holmberg.com"
"675","Ivarsson och Henriksson","marina.nystrom@bjork.biz"
"676","Nilsson och Karlsson","salomon.berglund@bergman.com"
"677","Olofsson & Hansson HB","hansake.oberg@blomqvist.com"
"678","Hedlund och Björk","waldemar.viklund@sundstrom.com"
"679","Sundqvist och Bergqvist","ifransson@olofsson.com"
"680","Berglund HB","lindgren.anncharlott@mattsson.net"
"681","Karlsson & Bergman AB","dan.wikstrom@samuelsson.com"
"682","Bengtsson och Berggren HB","ebjorklund@nilsson.com"
"683","Hansen HB","lundqvist.janake@nordstrom.net"
"684","Björk och Sundqvist","xbjork@eriksson.com"
"685","Lindqvist HB","tage.nordin@jonsson.com"
"686","Lindqvist & Lundqvist AB","katrina37@bergman.org"
"687","Magnusson och Lind HB","christer76@strom.com"
"688","Mattsson och Jansson","algot.sundqvist@lundstrom.info"
"689","Amalia Pettersson AB","lindstrom.ingmarie@blom.com"
"690","Fredriksson och Magnusson","viklund.patrick@magnusson.com"
"691","Isaksson & Johansson HB","jonsson.jarl@stromberg.com"
"692","Strömberg & Nordström","ingemar91@hermansson.com"
"693","Nordin HB","dagny74@holmqvist.com"
"694","Lindström och Pettersson HB","neriksson@hakansson.com"
"695","Claesson & Jonasson","dahlberg.gillis@karlsson.com"
"696","Andreasson AB","evelyn91@blomqvist.com"
"697","Sjögren AB","bjorklund.halvard@hakansson.org"
"698","Thorvald Isaksson AB","sekstrom@samuelsson.org"
"699","Jöns Henriksson AB","brita.gunnarsson@claesson.org"
"700","Holm & Martinsson AB","vlindberg@falk.org"
"701","Hellström HB","viviann30@samuelsson.com"
"702","Isaksson och Lind","sigvard.olofsson@forsberg.com"
"703","Lundberg och Lindgren HB","thord66@berglund.info"
"704","Nordin och Wikström AB","berg.ingrid@abrahamsson.com"
"705","Lindholm HB","holmberg.curt@eliasson.biz"
"706","Lind & Karlsson HB","hblomqvist@gunnarsson.info"
"707","Söderberg HB","qhenriksson@stromberg.com"
"708","Arvidsson HB","jeliasson@danielsson.biz"
"709","Larsson och Bengtsson AB","mholmberg@nordstrom.com"
"710","Blom AB","frits49@fransson.com"
"711","Bernhardina Dahlberg HB","lengstrom@arvidsson.net"
"712","Björklund & Lundström","claesgoran43@danielsson.com"
"713","Hans-Åke Mattsson HB","vsjogren@forsberg.biz"
"714","Jonsson och Lindberg HB","annika.sandstrom@magnusson.com"
"715","Hermansson AB","alice.jakobsson@ek.net"
"716","Fredriksson och Löfgren","fritiof01@karlsson.com"
"717","Samuelsson & Eriksson","svensson.orvar@jonasson.org"
"718","Märtha Björk HB","sjogren.aldor@persson.net"
"719","Nyberg & Sjögren","jonsson.hulda@persson.info"
"720","Jonsson HB","cdanielsson@palsson.com"
"721","Claesson & Andreasson","gunilla.hedlund@berggren.biz"
"722","Holmqvist HB","nyberg.ragna@olofsson.org"
"723","Eira Mattsson HB","tore98@blomqvist.com"
"724","Bengtsson AB","charlott.bergqvist@nystrom.com"
"725","Arvidsson HB","forsberg.agnes@henriksson.biz"
"726","Nordström AB","zakesson@sandberg.com"
"727","Hansson och Söderberg","nancy.hedlund@hakansson.com"
"728","Danielsson och Andreasson","beliasson@aberg.com"
"729","Bergman & Lind AB","lisbeth35@lund.net"
"730","Olofsson HB","lundqvist.jon@andersson.info"
"731","Eriksson HB","umansson@johansson.com"
"732","Berggren & Andersson HB","owallin@samuelsson.com"
"733","Henriksson & Henriksson","seved.wallin@martensson.info"
"734","Sandström & Nyberg","mats.jonsson@forsberg.com"
"735","Berggren AB","olaus.mansson@lind.net"
"736","Johansson & Björklund","qwikstrom@jonasson.com"
"737","Lindström HB","henriette.svensson@eklund.com"
"738","Berg & Lundberg AB","ogunnarsson@lindberg.com"
"739","Isaksson & Wallin AB","hedlund.clarence@lund.net"
"740","Ekström och Dahlberg AB","bmagnusson@jonsson.com"
"741","Nordin och Pettersson HB","jonsson.ellert@olofsson.org"
"742","Nordin AB","elfrida.holm@olsson.com"
"743","Sandberg AB","lholmberg@samuelsson.com"
"744","Wikström HB","kare.bergman@lundqvist.com"
"745","Sandberg HB","jonsson.helfrid@bergqvist.com"
"746","Wikström AB","ragnar.holmgren@danielsson.com"
"747","Jakobsson HB","falk.ida@berggren.com"
"748","Annika Samuelsson HB","patric.larsson@nordstrom.com"
"749","Holmgren och Lindgren","rlundberg@lundqvist.info"
"750","Lindberg HB","vendela14@holmqvist.org"
"751","Martinsson HB","cristina15@mansson.biz"
"752","Sjöberg & Blomqvist","elvi.hermansson@dahlberg.biz"
"753","Persson & Johansson","edvin17@karlsson.com"
"754","Blomqvist HB","karin79@norberg.net"
"755","Berglund och Martinsson","bbengtsson@martensson.com"
"756","Berggren och Sjöberg","engstrom.hansolof@claesson.com"
"757","Strömberg och Björk","lsjogren@bjork.com"
"758","Lindgren HB","lilly13@nordin.com"
"759","Strömberg och Jonsson","shansson@ekstrom.com"
"760","Lundberg & Lindqvist","susann88@nyberg.com"
"761","Samuelsson & Lundström","gottfrid.henriksson@eklund.com"
"762","Carl-Johan Bengtsson AB","msjogren@lundberg.com"
"763","Eriksson & Sandström HB","marlene.lindgren@abrahamsson.com"
"764","Abrahamsson & Lindholm AB","jakobsson.vera@andreasson.com"
"765","Norberg AB","norberg.annastina@pettersson.org"
"766","Jens Holmqvist AB","annbritt99@lundin.com"
"767","Nils-Erik Sjögren HB","astrid.bergman@lund.com"
"768","Lise-Lott Berglund AB","lill83@hermansson.net"
"769","Svensson och Sundberg","soderberg.ingabritt@lundstrom.biz"
"770","Holmqvist & Magnusson","jean68@lundberg.biz"
"771","Jansson & Hansson","eugen34@olsson.com"
"772","Åström HB","cekstrom@lindberg.com"
"773","Holm HB","bergstrom.olga@stromberg.com"
"774","Mickael Bergqvist AB","dahlberg.janne@nystrom.com"
"775","Ek AB","vabrahamsson@pettersson.com"
"776","Sundström HB","mauritz.holmberg@holm.com"
"777","Fredriksson och Pettersson","annastina.abrahamsson@jakobsson.info"
"778","Nina Nyström AB","siri42@norberg.com"
"779","Ivarsson AB","zlindstrom@wikstrom.info"
"780","Öberg AB","kerstin83@andersson.org"
"781","Lundström AB","gullvi65@lundin.com"
"782","Mårtensson och Ivarsson","tclaesson@arvidsson.com"
"783","Ekström HB","fsvensson@bergstrom.com"
"784","Sandström AB","gfredriksson@eklund.com"
"785","Ivarsson HB","jmansson@hedlund.biz"
"786","Rose Hedlund HB","anncharlott.dahlberg@lofgren.biz"
"787","Gustafsson och Henriksson HB","claesson.laila@hermansson.com"
"788","Lindström AB","viktoria.martinsson@larsson.com"
"789","Janne Nilsson AB","berglund.beata@sjogren.com"
"790","Söderberg och Jakobsson","claesson.helen@lundgren.com"
"791","Strömberg AB","elof37@eliasson.net"
"792","Naemi Eklund AB","yberg@sundberg.biz"
"793","Sundström AB","mariann.sundqvist@lindqvist.com"
"794","Åkesson HB","qabrahamsson@sundstrom.com"
"795","Pettersson AB","william.lund@falk.org"
"796","Teodor Hellström HB","gerda.ivarsson@lindstrom.com"
"797","Gotthard Olsson HB","magnusson.alfons@olofsson.com"
"798","Lundin HB","heinrich.blomqvist@olsson.com"
"799","Persson AB","mhakansson@magnusson.com"
"800","Matts Lindgren AB","majbritt.aberg@dahlberg.info"
"801","Ström & Sjögren AB","dahlberg.justina@pettersson.com"
"802","Eklund AB","henriksson.iris@eriksson.org"
"803","Isaksson och Hansson AB","ulrika92@mattsson.com"
"804","Arthur Åkesson AB","susanna.jonsson@johansson.com"
"805","Nyberg & Ekström","nordin.solve@henriksson.com"
"806","Söderberg och Lindqvist AB","manfred.olofsson@hellstrom.com"
"807","Ström & Berggren","zwikstrom@hellstrom.biz"
"808","Lundgren HB","majbritt27@dahlberg.biz"
"809","Eliasson AB","falk.ulla@holm.net"
"810","Henriksson och Bergström","lund.egon@akesson.com"
"811","Sundqvist HB","eric.samuelsson@andreasson.biz"
"812","Folke Lindqvist AB","jlofgren@gunnarsson.com"
"813","Olofsson HB","linda24@bergman.org"
"814","Nordström och Holmqvist","bruno.stromberg@mansson.info"
"815","Nanna Blom HB","reidar17@norberg.info"
"816","Nordström & Ekström","marcus.bjorklund@samuelsson.org"
"817","Pettersson AB","lofgren.elsi@lind.com"
"818","Marion Björklund AB","mansson.pia@falk.com"
"819","Andersson och Åström AB","arvidsson.viktoria@nystrom.com"
"820","Söderberg AB","lundgren.heinz@holmgren.info"
"821","Lind AB","ldanielsson@lindholm.net"
"822","Samuelsson & Lind","ludvig.sandberg@falk.info"
"823","Sigrid Strömberg HB","qandreasson@lundstrom.com"
"824","Ek AB","svensson.halvard@eklund.com"
"825","Sundberg & Magnusson HB","eira74@holmgren.com"
"826","Abrahamsson AB","karina.bengtsson@lindholm.com"
"827","Lindholm och Svensson","persson.annlouise@hedlund.org"
"828","Sandberg och Löfgren HB","berglund.tord@olsson.com"
"829","Claesson HB","annmargret.lundqvist@karlsson.com"
"830","Norberg HB","berta.samuelsson@mattsson.com"
"831","Pettersson AB","agda21@martinsson.biz"
"832","Åkesson & Arvidsson","magnus.bergman@hermansson.com"
"833","Hedlund HB","berg.konrad@olsson.net"
"834","Svensson och Engström HB","bandersson@gunnarsson.biz"
"835","Claesson HB","eugen.lindstrom@bengtsson.com"
"836","Gustaf Gustafsson HB","laurentius.nystrom@mansson.info"
"837","Arvidsson och Holm","nyberg.charlotte@aberg.net"
"838","Öberg & Lindqvist","levi.eliasson@norberg.com"
"839","Hellström och Gustafsson HB","signar.bengtsson@nordin.net"
"840","Sandström AB","kerstin76@sundqvist.biz"
"841","Abrahamsson AB","lisbeth15@sundstrom.com"
"842","Bergman & Larsson","mattsson.gun@samuelsson.biz"
"843","Gärd Gunnarsson AB","melker72@bergman.info"
"844","Samuelsson & Löfgren","kberggren@berg.com"
"845","Bergman och Forsberg AB","fjohansson@lindberg.info"
"846","Viklund HB","mattsson.rickard@holmberg.com"
"847","Lindqvist HB","eje81@andersson.info"
"848","Holmgren AB","siv93@ek.net"
"849","Samuelsson AB","gottfrid.samuelsson@jonsson.info"
"850","Gustafsson och Jönsson","ffredriksson@lofgren.net"
"851","Engström AB","ppersson@lundgren.org"
"852","Lindholm och Olofsson","roger.astrom@hansson.biz"
"853","Ivarsson AB","cwikstrom@gunnarsson.net"
"854","Pålsson & Falk","viktor.nordin@henriksson.com"
"855","Vilhelm Olofsson AB","lillemor.nilsson@arvidsson.com"
"856","Sandström AB","oaberg@sjogren.com"
"857","Gunnarsson & Hansson AB","valfrid06@jonsson.com"
"858","Odd Strömberg AB","andersson.tove@danielsson.com"
"859","Axelsson & Lundberg","annkristin.nordstrom@sundberg.com"
"860","Lundin HB","karlsson.bernhard@eklund.com"
"861","Jonsson HB","hakansson.christel@pettersson.org"
"862","Marie-Louise Lindberg AB","may.bergman@lundqvist.biz"
"863","Åberg & Norberg","yholmberg@andersson.info"
"864","Ulrik Hansen HB","mlundgren@wallin.com"
"865","Svensson HB","charlott85@eliasson.com"
"866","Norberg & Hansen","lill.blomqvist@nyberg.com"
"867","Hedlund & Jönsson AB","catrin55@sandstrom.com"
"868","Sjögren och Pålsson","klundberg@lofgren.com"
"869","Jonasson & Lindberg AB","eleonora17@nystrom.com"
"870","Wikström och Jonasson AB","lindberg.verner@arvidsson.biz"
"871","Månsson & Nordström HB","sundqvist.algot@danielsson.info"
"872","Holm AB","sundstrom.osten@holmqvist.net"
"873","Sandberg AB","blom.kenneth@henriksson.biz"
"874","Lindberg HB","manfred05@sundstrom.com"
"875","Blom och Hansen AB","emansson@arvidsson.biz"
"876","Mats Lundqvist HB","oliver.holm@abrahamsson.info"
"877","Mattsson & Mårtensson","wallin.tore@martensson.com"
"878","Sandström & Berggren HB","charlotta.bergstrom@nystrom.com"
"879","Fingal Svensson AB","lola.johansson@hansson.biz"
"880","Forsberg och Lindström HB","ystromberg@holmberg.com"
"881","Ada Falk AB","tpettersson@johansson.com"
"882","Lindberg & Hansson AB","hlundqvist@eklund.com"
"883","Åström & Dahlberg HB","gfransson@sandstrom.com"
"884","Strömberg & Åberg HB","nilsson.kaj@hellstrom.info"
"885","Wallin & Engström HB","kakesson@lundberg.info"
"886","Bengtsson HB","sebastian29@falk.com"
"887","Wikström HB","borje51@abrahamsson.com"
"888","Åström och Isaksson","ulundstrom@lundqvist.org"
"889","Lundin & Eklund","stromberg.amanda@lundqvist.com"
"890","Jonsson och Åberg AB","ole50@sundqvist.com"
"891","Wikström & Axelsson","holmberg.svenerik@jonsson.info"
"892","Niclas Strömberg HB","elvi.magnusson@gustafsson.com"
"893","Claesson HB","janolov74@fransson.info"
"894","Henriksson AB","roland.blomqvist@holmberg.com"
"895","Jönsson & Hedlund","katrin.hansson@henriksson.com"
"896","Åberg och Olofsson HB","frans.nordstrom@magnusson.org"
"897","Nyström HB","marie32@arvidsson.com"
"898","Fransson och Olofsson HB","lisa.wikstrom@gustafsson.com"
"899","Hansen AB","louise84@danielsson.info"
"900","Johansson & Wikström AB","fberggren@lundgren.com"
"901","Lundin och Samuelsson","viggo.ekstrom@hakansson.com"
"902","Viklund & Lind","marianne48@nystrom.com"
"903","Håkansson och Ivarsson HB","annchristine.blomqvist@lindberg.com"
"904","Gunnarsson HB","lundqvist.judit@nystrom.org"
"905","Matilda Björk HB","bforsberg@viklund.com"
"906","Björk och Blomqvist","eliasson.konstantia@lundberg.info"
"907","Lindgren HB","eddie.lundgren@lundberg.com"
"908","Lindberg HB","solbritt91@berg.com"
"909","Larsson & Lindström","julia.viklund@magnusson.com"
"910","Danielsson och Öberg","palsson.rebecka@claesson.com"
"911","Karlsson HB","gholmqvist@lindstrom.biz"
"912","Berg och Nyström HB","annamaria.magnusson@bergman.com"
"913","Olofsson och Blomqvist","dholm@lindstrom.com"
"914","Nore Nilsson AB","edith19@andreasson.com"
"915","Gun Andreasson AB","magnusson.ronald@lofgren.info"
"916","Larsson och Lundin","victor04@dahlberg.com"
"917","Norberg & Mattsson HB","jansson.marika@olsson.com"
"918","Bergström & Falk","sundstrom.elfrida@martensson.biz"
"919","Abrahamsson HB","bfransson@claesson.com"
"920","Olsson och Hansen AB","jpalsson@persson.com"
"921","Lindholm och Hermansson AB","ulundqvist@ek.com"
"922","Nordström & Nyström","berndt37@lundgren.com"
"923","Karlsson & Jonsson","jonasson.may@berg.com"
"924","Sjögren & Sandström","mariann.hermansson@berggren.com"
"925","Nyberg och Lundin HB","okarlsson@abrahamsson.biz"
"926","Månsson HB","matti.berglund@nordin.com"
"927","Blomqvist och Nyberg","hedvig00@henriksson.net"
"928","Löfgren AB","sundstrom.kjell@wikstrom.biz"
"929","Holm & Persson","roger.blom@soderberg.com"
"930","Söderberg AB","fforsberg@ekstrom.biz"
"931","Holmqvist & Sundberg AB","ingegerd34@abrahamsson.com"
"932","Björk HB","yblomqvist@andersson.net"
"933","Hedlund & Ekström HB","viklund.arne@sjogren.com"
"934","Bergqvist och Sjögren","andreasson.janove@svensson.com"
"935","Wallin HB","janeric.palsson@berggren.com"
"936","Hansson & Månsson HB","dsoderberg@samuelsson.net"
"937","Lundqvist AB","berndt08@lindqvist.biz"
"938","Andersson och Holmgren","josef.bergstrom@olsson.com"
"939","Pettersson & Lund HB","arvidsson.jakob@wikstrom.info"
"940","Ivarsson AB","jack.lindgren@strom.biz"
"941","Marit Lindqvist AB","hforsberg@karlsson.com"
"942","Hermansson & Sjögren","hermansson.borje@isaksson.com"
"943","Abrahamsson och Fransson AB","larsson.thorbjorn@forsberg.biz"
"944","Holmqvist & Bergman","nilsson.vivianne@lindqvist.com"
"945","Lundqvist och Forsberg","mia.holmgren@isaksson.com"
"946","Lindgren & Jonsson HB","elma.persson@berggren.net"
"947","Fredriksson & Isaksson HB","hansolof65@lundqvist.org"
"948","Sandström & Forsberg AB","danielsson.ada@svensson.com"
"949","Sundström HB","juliana.strom@falk.info"
"950","Nordström AB","handreasson@oberg.com"
"951","Wallin & Björk","percy33@astrom.com"
"952","Löfgren och Eklund AB","janeric99@norberg.com"
"953","Lundberg & Söderberg","nordstrom.gully@andreasson.com"
"954","Hellström HB","peder.lindgren@jonasson.com"
"955","Blomqvist och Sundström AB","lofgren.ingbritt@wallin.com"
"956","Sjögren HB","norberg.gunnel@hedlund.com"
"957","Åström HB","leif58@andersson.com"
"958","Karlsson AB","augustin.ivarsson@aberg.org"
"959","Jönsson och Blom HB","annika08@hansen.com"
"960","Sundström och Wikström","berta.henriksson@aberg.org"
"961","Lundström & Åström HB","qjonasson@fredriksson.info"
"962","Åström och Mårtensson HB","tsamuelsson@bergqvist.net"
"963","Henriksson och Sandberg AB","hakansson.hans@wallin.com"
"964","Viklund och Andersson","harriet92@henriksson.com"
"965","Holmqvist HB","vilhelm.dahlberg@eriksson.com"
"966","Nilsson HB","elinor58@blomqvist.info"
"967","Lindqvist AB","larsgunnar.sandberg@danielsson.com"
"968","Karlsson och Öberg AB","severin.hakansson@soderberg.biz"
"969","Olle Lund AB","bengtsson.augustin@fransson.com"
"970","Ing-Marie Lindström HB","ernfrid.hedlund@holm.com"
"971","Holmqvist och Lundqvist","louis13@holmqvist.net"
"972","Sundström och Nordin AB","amandus27@sundstrom.net"
"973","Lundström & Hedlund HB","rebecka.holmberg@martinsson.org"
"974","Strömberg HB","madeleine.isaksson@berg.info"
"975","Löfgren och Eklund HB","anders.hedlund@gunnarsson.info"
"976","Sundberg AB","ivarsson.tore@hermansson.com"
"977","Karlsson HB","angela24@andersson.biz"
"978","Susanne Hellström AB","llundqvist@johansson.info"
"979","Mårtensson och Gunnarsson","tastrom@gustafsson.com"
"980","Gunborg Lindqvist HB","annie.ek@bergstrom.info"
"981","Dahlberg & Ekström AB","rune85@lundgren.com"
"982","Jonsson HB","tommy.astrom@samuelsson.com"
"983","Wallin & Bergman","eve58@lindgren.com"
"984","Bo Fransson HB","eliasson.william@ek.biz"
"985","Martinsson och Svensson","adrian26@sjoberg.com"
"986","Ekström & Sandberg","soderberg.toivo@andersson.com"
"987","Jönsson AB","persson.laurentius@sandberg.com"
"988","Holm HB","janake12@ek.biz"
"989","Bergman och Strömberg","adam.henriksson@danielsson.com"
"990","Ekström HB","fabian.jonasson@holm.com"
"991","Åström och Lundgren HB","lisbet85@nyberg.net"
"992","Bergqvist & Isaksson","soderberg.ella@martinsson.biz"
"993","Claesson och Ivarsson","majlis.henriksson@jakobsson.com"
"994","Åkesson AB","karlsson.annchristine@olofsson.com"
"995","Strömberg & Berg","sigrid.holm@engstrom.biz"
"996","Henriksson & Persson HB","hellstrom.hilma@lundin.com"
"997","Sundberg & Gustafsson HB","bjork.gerd@falk.biz"
"998","Jönsson och Holmqvist AB","wbergman@lofgren.com"
"999","Lindberg och Lundgren HB","gustafsson.judit@sandstrom.com"
"1000","Arvidsson HB","ekstrom.urban@lund.net"